Publish Date,CVSS Score
2021-01-01,5.80344827586207
2021-01-02,5.0
2021-01-03,5.016666666666667
2021-01-04,5.336585365853661
2021-01-05,5.115789473684212
2021-01-06,5.874418604651165
2021-01-07,6.033962264150948
2021-01-08,5.916666666666672
2021-01-09,4.6
2021-01-11,5.40240963855422
2021-01-12,5.7502923976608145
2021-01-13,6.451219512195119
2021-01-14,6.616666666666668
2021-01-15,5.4727272727272736
2021-01-17,4.65
2021-01-18,5.999999999999999
2021-01-19,5.420512820512822
2021-01-20,5.611255411255395
2021-01-21,6.693617021276597
2021-01-22,4.7125
2021-01-25,5.175
2021-01-26,5.335877862595414
2021-01-27,5.135000000000001
2021-01-28,5.608695652173912
2021-01-29,5.05945945945946
2021-01-30,7.25
2021-01-31,5.0
2021-02-01,5.8937500000000025
2021-02-02,5.610000000000002
2021-02-03,4.901449275362319
2021-02-04,5.906976744186049
2021-02-05,5.158823529411765
2021-02-06,4.26
2021-02-07,6.739999999999999
2021-02-08,5.660344827586211
2021-02-09,5.5043165467625865
2021-02-10,6.008450704225353
2021-02-11,5.413207547169815
2021-02-12,5.988461538461539
2021-02-14,6.075
2021-02-15,5.997368421052633
2021-02-16,5.385
2021-02-17,4.733333333333339
2021-02-18,5.38148148148148
2021-02-19,5.5297297297297305
2021-02-20,5.15
2021-02-21,4.3
2021-02-22,5.777777777777778
2021-02-23,5.81034482758621
2021-02-24,5.678260869565219
2021-02-25,5.353521126760571
2021-02-26,5.212676056338034
2021-02-27,5.859999999999999
2021-03-01,5.965517241379312
2021-03-02,4.835483870967741
2021-03-03,5.785000000000002
2021-03-04,4.632758620689654
2021-03-05,6.025454545454548
2021-03-06,6.5
2021-03-07,4.550000000000001
2021-03-08,5.123999999999999
2021-03-09,5.307865168539333
2021-03-10,4.610588235294123
2021-03-11,5.997368421052637
2021-03-12,5.639393939393941
2021-03-13,5.5
2021-03-15,5.4592592592592615
2021-03-16,5.531578947368419
2021-03-17,4.857142857142856
2021-03-18,5.220930232558143
2021-03-19,5.443902439024393
2021-03-20,3.6833333333333336
2021-03-21,6.32
2021-03-22,4.765624999999999
2021-03-23,4.958490566037737
2021-03-24,5.454666666666668
2021-03-25,5.951851851851857
2021-03-26,5.235384615384618
2021-03-27,4.3
2021-03-29,6.4423076923076925
2021-03-30,4.973437500000003
2021-03-31,5.720000000000002
2021-04-01,5.131034482758623
2021-04-02,6.016666666666653
2021-04-05,4.944615384615386
2021-04-06,5.226415094339627
2021-04-07,5.2600000000000025
2021-04-08,5.51666666666667
2021-04-09,5.162790697674419
2021-04-10,8.0
2021-04-11,5.322222222222221
2021-04-12,5.443137254901964
2021-04-13,5.317766497461927
2021-04-14,5.115384615384619
2021-04-15,5.066666666666667
2021-04-16,4.862499999999999
2021-04-17,7.35
2021-04-18,7.5
2021-04-19,5.338888888888892
2021-04-20,5.644
2021-04-21,5.382051282051283
2021-04-22,5.017938931297702
2021-04-23,5.188235294117647
2021-04-24,4.266666666666667
2021-04-25,6.8
2021-04-26,5.475000000000003
2021-04-27,6.2272727272727275
2021-04-28,5.5249999999999995
2021-04-29,5.572222222222224
2021-04-30,5.200000000000001
2021-05-02,4.3
2021-05-03,6.207692307692307
2021-05-04,5.76
2021-05-05,4.800000000000001
2021-05-06,5.745098039215686
2021-05-07,5.342000000000002
2021-05-10,5.328000000000002
2021-05-11,5.0931818181818205
2021-05-12,5.184210526315789
2021-05-13,5.2340000000000035
2021-05-14,4.007361963190198
2021-05-15,5.15
2021-05-16,5.16
2021-05-17,5.401470588235299
2021-05-18,5.1225000000000005
2021-05-19,4.807407407407407
2021-05-20,4.7425000000000015
2021-05-21,6.070967741935486
2021-05-22,7.122222222222222
2021-05-24,5.482857142857147
2021-05-25,5.164150943396228
2021-05-26,5.118750000000007
2021-05-27,5.371951219512202
2021-05-28,5.2516666666666705
2021-05-29,6.7
2021-06-01,5.020430107526885
2021-06-02,5.214473684210532
2021-06-03,4.8
2021-06-04,5.777551020408166
2021-06-06,6.033333333333334
2021-06-07,5.325423728813563
2021-06-08,5.400970873786415
2021-06-09,4.604950495049509
2021-06-10,5.266666666666669
2021-06-11,5.272656250000002
2021-06-12,2.6785714285714297
2021-06-13,6.8
2021-06-14,5.2423076923076914
2021-06-15,6.073076923076929
2021-06-16,5.360937500000002
2021-06-17,5.55
2021-06-18,5.500000000000001
2021-06-20,4.3
2021-06-21,5.27662337662338
2021-06-22,4.448192771084339
2021-06-23,5.196774193548388
2021-06-24,5.074157303370793
2021-06-25,5.655555555555555
2021-06-27,4.3
2021-06-28,5.037254901960787
2021-06-29,5.998113207547172
2021-06-30,5.795833333333334
2021-07-01,4.878947368421053
2021-07-02,4.785
2021-07-05,5.24
2021-07-06,4.610714285714286
2021-07-07,5.429807692307695
2021-07-08,5.598148148148149
2021-07-09,5.274137931034483
2021-07-10,4.3
2021-07-11,4.625
2021-07-12,4.962068965517244
2021-07-13,5.306730769230773
2021-07-14,5.538461538461536
2021-07-15,5.279069767441862
2021-07-16,5.519148936170214
2021-07-17,5.183333333333334
2021-07-18,5.0
2021-07-19,5.47666666666667
2021-07-20,4.885365853658538
2021-07-21,5.080310880829009
2021-07-22,5.868055555555561
2021-07-23,5.994999999999999
2021-07-25,3.8882352941176466
2021-07-26,5.065957446808512
2021-07-27,4.5
2021-07-28,5.745454545454545
2021-07-29,5.845454545454545
2021-07-30,5.179729729729733
2021-07-31,5.916666666666667
2021-08-01,5.8
2021-08-02,5.403846153846159
2021-08-03,5.770270270270265
2021-08-04,5.050000000000003
2021-08-05,5.024050632911398
2021-08-06,4.939534883720932
2021-08-07,6.254545454545454
2021-08-08,5.751470588235302
2021-08-09,5.207575757575762
2021-08-10,4.826153846153852
2021-08-11,5.863934426229512
2021-08-12,4.553703703703714
2021-08-13,5.491228070175441
2021-08-14,4.3
2021-08-15,4.833333333333333
2021-08-16,5.067961165048549
2021-08-17,5.331746031746036
2021-08-18,5.38924731182796
2021-08-19,5.32857142857143
2021-08-20,5.8761904761904775
2021-08-21,7.5
2021-08-22,4.3
2021-08-23,5.067901234567904
2021-08-24,6.556097560975611
2021-08-25,5.620754716981134
2021-08-26,5.317241379310349
2021-08-27,5.896875000000001
2021-08-28,6.5
2021-08-29,6.037499999999999
2021-08-30,5.5936708860759525
2021-08-31,5.518000000000002
2021-09-01,5.944827586206898
2021-09-02,5.0
2021-09-03,6.0925925925925934
2021-09-04,3.5
2021-09-05,4.825
2021-09-06,4.819444444444444
2021-09-07,6.0195876288659775
2021-09-08,5.717578124999971
2021-09-09,4.743529411764711
2021-09-10,5.066666666666673
2021-09-11,8.2
2021-09-12,6.65
2021-09-13,5.048076923076928
2021-09-14,5.293258426966297
2021-09-15,5.358219178082193
2021-09-16,4.819512195121954
2021-09-17,5.957500000000001
2021-09-18,6.5
2021-09-19,6.1
2021-09-20,5.2341317365269315
2021-09-21,5.483333333333333
2021-09-22,5.296296296296295
2021-09-23,4.916666666666671
2021-09-24,5.157894736842104
2021-09-25,4.3
2021-09-26,3.95
2021-09-27,5.522222222222226
2021-09-28,5.7604651162790725
2021-09-29,5.054838709677419
2021-09-30,5.664000000000002
2021-10-01,5.391071428571434
2021-10-02,5.0
2021-10-04,5.158536585365856
2021-10-05,4.991379310344829
2021-10-06,4.535632183908051
2021-10-07,5.723809523809525
2021-10-08,5.735593220338988
2021-10-10,6.8
2021-10-11,5.158064516129033
2021-10-12,5.50769230769231
2021-10-13,5.210434782608702
2021-10-14,5.058064516129033
2021-10-15,5.320000000000002
2021-10-18,5.042857142857145
2021-10-19,5.448717948717953
2021-10-20,4.688461538461538
2021-10-21,4.8999999999999995
2021-10-22,5.08
